﻿<parameters>
  <parameter name="IIS Web Application Name" defaultValue="www.swaasapi.dx.am" tags="IisApp">
    <parameterEntry kind="ProviderPath" scope="IisApp" match="^C:\\Users\\HARI\ V\\Documents\\Visual\ Studio\ 2015\\Projects\\studapi\\studapi\\obj\\Release\\Package\\PackageTmp$" />
    <parameterEntry kind="ProviderPath" scope="setAcl" match="^C:\\Users\\HARI\ V\\Documents\\Visual\ Studio\ 2015\\Projects\\studapi\\studapi\\obj\\Release\\Package\\PackageTmp$" />
  </parameter>
  <parameter name="DefaultConnection-Web.config Connection String" defaultValue="DefaultConnection_ConnectionString">
    <parameterEntry kind="XmlFile" scope="C:\\Users\\HARI\ V\\Documents\\Visual\ Studio\ 2015\\Projects\\studapi\\studapi\\obj\\Release\\Package\\PackageTmp\\Web\.config$" match="/configuration/connectionStrings/add[@name='DefaultConnection']/@connectionString" />
  </parameter>
  <parameter name="myconnection-Web.config Connection String" defaultValue="Data Source=DESKTOP-BK7ERJJ\SQLEXPRESS01;Initial Catalog=studentsinfo;Integrated Security=True">
    <parameterEntry kind="XmlFile" scope="C:\\Users\\HARI\ V\\Documents\\Visual\ Studio\ 2015\\Projects\\studapi\\studapi\\obj\\Release\\Package\\PackageTmp\\Web\.config$" match="/configuration/connectionStrings/add[@name='myconnection']/@connectionString" />
  </parameter>
</parameters>